insert into student (ID, NAME, SURNAME, JOB_TITLE, PAYMENT_TYPE, SEX) values (01, 'Sandro', 'Gargano', 'Waiter', 'Confirmed', 'M');
insert into student (ID, NAME, SURNAME, JOB_TITLE, PAYMENT_TYPE, SEX) values (02, 'Mario', 'Rossi', '', 'Confirmed', 'M');
insert into student (ID, NAME, SURNAME, JOB_TITLE, PAYMENT_TYPE, SEX) values (03, 'Ermal', 'Aliraj', 'Web Developer', 'Confirmed', 'M');
insert into student (ID, NAME, SURNAME, JOB_TITLE, PAYMENT_TYPE, SEX) values (04, 'Student4', 'Surname4', 'Job4', 'Confirmed', 'M');
insert into student (ID, NAME, SURNAME, JOB_TITLE, PAYMENT_TYPE, SEX) values (05, 'Student5', 'Surname5', 'Job5', 'Confirmed', 'M');
insert into student (ID, NAME, SURNAME, JOB_TITLE, PAYMENT_TYPE, SEX) values (06, 'Student6', 'Surname6', 'Job6', 'Confirmed', 'M');
insert into student (ID, NAME, SURNAME, JOB_TITLE, PAYMENT_TYPE, SEX) values (07, 'Student7', 'Surname7', 'Job7', 'Confirmed', 'M');
insert into student (ID, NAME, SURNAME, JOB_TITLE, PAYMENT_TYPE, SEX) values (08, 'Student8', 'Surname8', 'Job8', 'Confirmed', 'M');
insert into student (ID, NAME, SURNAME, JOB_TITLE, PAYMENT_TYPE, SEX) values (09, 'Student9', 'Surname9', 'Job9', 'Confirmed', 'M');
insert into student (ID, NAME, SURNAME, JOB_TITLE, PAYMENT_TYPE, SEX) values (10, 'Student10', 'Surname10', 'Job10', 'Confirmed', 'M');
insert into student (ID, NAME, SURNAME, JOB_TITLE, PAYMENT_TYPE, SEX) values (21, 'Armela', 'Xhaxho', 'Shop Assistant', 'To be confirmed', 'F');
insert into student (ID, NAME, SURNAME, JOB_TITLE, PAYMENT_TYPE, SEX) values (22, 'Aida', 'Xhaxho', 'Beauty Consultant', 'Not confirmed', 'F');
insert into student (ID, NAME, SURNAME, JOB_TITLE, PAYMENT_TYPE, SEX) values (23, 'Andrea', 'Bonfanti', 'Engineer', 'To be confirmed', 'M');
insert into student (ID, NAME, SURNAME, JOB_TITLE, PAYMENT_TYPE, SEX) values (24, 'Francesca', 'Morbillo', 'Lawyer', 'Confirmed', 'F');
insert into student (ID, NAME, SURNAME, JOB_TITLE, PAYMENT_TYPE, SEX) values (25, 'Penelope', 'Fatima', 'Project Manager', 'Not confirmed', 'F');
insert into student (ID, NAME, SURNAME, JOB_TITLE, PAYMENT_TYPE, SEX) values (26, 'Student26', 'Surname26', 'Job26', 'Confirmed', 'M');
insert into student (ID, NAME, SURNAME, JOB_TITLE, PAYMENT_TYPE, SEX) values (27, 'Student27', 'Surname27', 'Job27', 'Confirmed', 'M');
insert into student (ID, NAME, SURNAME, JOB_TITLE, PAYMENT_TYPE, SEX) values (28, 'Student28', 'Surname28', 'Job28', 'Confirmed', 'M');
insert into student (ID, NAME, SURNAME, JOB_TITLE, PAYMENT_TYPE, SEX) values (29, 'Student29', 'Surname29', 'Job29', 'Confirmed', 'M');
insert into student (ID, NAME, SURNAME, JOB_TITLE, PAYMENT_TYPE, SEX) values (30, 'Student30', 'Surname30', 'Job30', 'Confirmed', 'M');

insert into address (STUDENT_ID, STREET, NR, POSTAL_CODE, CITY, PROVINCE_CODE) values (01, '', '', 50122, 'Firenze', 'FI');
insert into address (STUDENT_ID, STREET, NR, POSTAL_CODE, CITY, PROVINCE_CODE) values (02, 'Via del ponte di mezzo', '42', 50127, 'Firenze', 'FI');
insert into address (STUDENT_ID, STREET, NR, POSTAL_CODE, CITY, PROVINCE_CODE) values (03, 'Rue du Belgique', '63/A', 60198, 'Bruxelles', '');
insert into address (STUDENT_ID, STREET, NR, POSTAL_CODE, CITY, PROVINCE_CODE) values (04, 'Street4', 'nr4', 4, 'city4', 'p4');
insert into address (STUDENT_ID, STREET, NR, POSTAL_CODE, CITY, PROVINCE_CODE) values (05, 'Street5', 'nr5', 5, 'city5', 'p5');
insert into address (STUDENT_ID, STREET, NR, POSTAL_CODE, CITY, PROVINCE_CODE) values (06, 'Street6', 'nr6', 6, 'city6', 'p6');
insert into address (STUDENT_ID, STREET, NR, POSTAL_CODE, CITY, PROVINCE_CODE) values (07, 'Street7', 'nr7', 7, 'city7', 'p7');
insert into address (STUDENT_ID, STREET, NR, POSTAL_CODE, CITY, PROVINCE_CODE) values (08, 'Street8', 'nr8', 8, 'city8', 'p8');
insert into address (STUDENT_ID, STREET, NR, POSTAL_CODE, CITY, PROVINCE_CODE) values (09, 'Street9', 'nr9', 9, 'city9', 'p9');
insert into address (STUDENT_ID, STREET, NR, POSTAL_CODE, CITY, PROVINCE_CODE) values (10, 'Street10', 'nr10', 10, 'city10', '10');

insert into course (ID, NAME, DESCRIPTION) values (201, 'Java', 'Basic concepts and Java fundamentals');
insert into course (ID, NAME, DESCRIPTION) values (202, 'Java advanced programming', '');
insert into course (ID, NAME, DESCRIPTION) values (203, 'Operating Systems', 'This course will introduce you to modern operating systems');
insert into course (ID, NAME, DESCRIPTION) values (204, 'Computer Network', '');
insert into course (ID, NAME, DESCRIPTION) values (205, 'Javascript', 'Concetti base di Javascript');
insert into course (ID, NAME, DESCRIPTION) values (206, 'XML', 'XMLSchema e parsing con Java');
insert into course (ID, NAME, DESCRIPTION) values (207, 'Data Structures and Algorithms', '');
insert into course (ID, NAME, DESCRIPTION) values (208, 'Course 208', 'Description of course 208');
insert into course (ID, NAME, DESCRIPTION) values (209, 'Course 209', 'Description of course 209');
insert into course (ID, NAME, DESCRIPTION) values (210, 'Course 210', 'Description of course 210');
insert into course (ID, NAME, DESCRIPTION) values (211, 'Course 211', 'Description of course 211');
insert into course (ID, NAME, DESCRIPTION) values (212, 'Course 212', 'Description of course 212');
insert into course (ID, NAME, DESCRIPTION) values (213, 'Course 213', 'Description of course 213');

insert into exams (ID, EXAM_DATE, MARK, STUDENT_ID, COURSE_ID) values (1, TO_DATE('14/10/2020', 'DD/MM/YYYY'), 25, 02, 201);
insert into exams (ID, EXAM_DATE, MARK, STUDENT_ID, COURSE_ID) values (2, TO_DATE('17/12/2020', 'DD/MM/YYYY'), 24, 02, 201);
insert into exams (ID, EXAM_DATE, MARK, STUDENT_ID, COURSE_ID) values (3, TO_DATE('01/02/2021', 'DD/MM/YYYY'), 20, 02, 205);
insert into exams (ID, EXAM_DATE, MARK, STUDENT_ID, COURSE_ID) values (4, TO_DATE('12/09/2020', 'DD/MM/YYYY'), 30, 03, 201);
insert into exams (ID, EXAM_DATE, MARK, STUDENT_ID, COURSE_ID) values (5, TO_DATE('13/12/2020', 'DD/MM/YYYY'), 30, 03, 205);
insert into exams (ID, EXAM_DATE, MARK, STUDENT_ID, COURSE_ID) values (6, TO_DATE('22/01/2021', 'DD/MM/YYYY'), 15, 04, 202);
insert into exams (ID, EXAM_DATE, MARK, STUDENT_ID, COURSE_ID) values (7, TO_DATE('22/01/2021', 'DD/MM/YYYY'), 17, 04, 202);
insert into exams (ID, EXAM_DATE, MARK, STUDENT_ID, COURSE_ID) values (8, TO_DATE('22/01/2021', 'DD/MM/YYYY'), 28, 04, 202);
insert into exams (ID, EXAM_DATE, MARK, STUDENT_ID, COURSE_ID) values (9, TO_DATE('15/11/2020', 'DD/MM/YYYY'), 16, 01, 203);
insert into exams (ID, EXAM_DATE, MARK, STUDENT_ID, COURSE_ID) values (10, TO_DATE('15/11/2020', 'DD/MM/YYYY'), 28, 01, 203);
insert into exams (ID, EXAM_DATE, MARK, STUDENT_ID, COURSE_ID) values (11, TO_DATE('02/11/2020', 'DD/MM/YYYY'), 25, 05, 202);
insert into exams (ID, EXAM_DATE, MARK, STUDENT_ID, COURSE_ID) values (12, TO_DATE('15/11/2020', 'DD/MM/YYYY'), 17, 05, 201);
insert into exams (ID, EXAM_DATE, MARK, STUDENT_ID, COURSE_ID) values (13, TO_DATE('03/05/2020', 'DD/MM/YYYY'), 15, 01, 201);
insert into exams (ID, EXAM_DATE, MARK, STUDENT_ID, COURSE_ID) values (14, TO_DATE('18/11/2020', 'DD/MM/YYYY'), 14, 01, 205);

insert into topic (ID, NAME, DESCRIPTION, COURSE_ID) values (01, 'Objects Oriented Paradigm', 'OOPS concepts (Data Abstraction, Encapsulation, Inheritance, Polymorphism)', 201);
insert into topic (ID, NAME, DESCRIPTION, COURSE_ID) values (02, 'Basic Java constructs like loops and data types', '', 201);
insert into topic (ID, NAME, DESCRIPTION, COURSE_ID) values (03, 'String handling', '', 201);
insert into topic (ID, NAME, DESCRIPTION, COURSE_ID) values (04, 'Collection framework', 'List, ArrayList, LinkedList', 201);
insert into topic (ID, NAME, DESCRIPTION, COURSE_ID) values (05, 'Exception handling', '', null);
insert into topic (ID, NAME, DESCRIPTION, COURSE_ID) values (06, 'Servlet', '', 201);
insert into topic (ID, NAME, DESCRIPTION, COURSE_ID) values (07, 'JSP', '', null);
insert into topic (ID, NAME, DESCRIPTION, COURSE_ID) values (08, 'What is an Operating System?', '', 203);
insert into topic (ID, NAME, DESCRIPTION, COURSE_ID) values (09, 'Operating System history', '', 203);
insert into topic (ID, NAME, DESCRIPTION, COURSE_ID) values (10, 'Operating System concepts', 'CPU, file storage, input/output (I/O) devices, and network connections', 203);
insert into topic (ID, NAME, DESCRIPTION, COURSE_ID) values (11, 'Operating System structures', '', 203);
insert into topic (ID, NAME, DESCRIPTION, COURSE_ID) values (12, 'Local Area Network (LAN) Technologies', '', 204);
insert into topic (ID, NAME, DESCRIPTION, COURSE_ID) values (13, 'Introduction of MAC Address', '', 204);
insert into topic (ID, NAME, DESCRIPTION, COURSE_ID) values (14, 'Multiple Access Protocols', '', 202);
insert into topic (ID, NAME, DESCRIPTION, COURSE_ID) values (15, 'Ethernet Frame Format', '', 206);
insert into topic (ID, NAME, DESCRIPTION, COURSE_ID) values (16, 'Basic Data Structures', 'Arrays, Strings, Stacks, Queues', 206);
insert into topic (ID, NAME, DESCRIPTION, COURSE_ID) values (17, 'Basic math operations', 'addition, subtraction, multiplication, division, exponentiation', 206);
insert into topic (ID, NAME, DESCRIPTION, COURSE_ID) values (18, 'Euclid s GCD Algorithm', '', 202);
insert into topic (ID, NAME, DESCRIPTION, COURSE_ID) values (19, 'Greedy Algorithms', '', null);
insert into topic (ID, NAME, DESCRIPTION, COURSE_ID) values (20, 'Binary Searching', '', null);
insert into topic (ID, NAME, DESCRIPTION, COURSE_ID) values (21, 'Multithreading', '', null);
insert into topic (ID, NAME, DESCRIPTION, COURSE_ID) values (22, 'Programmazione di stringa', '', null);

insert into subscriptions (STUDENT_ID, COURSE_ID) values (01, 201);
insert into subscriptions (STUDENT_ID, COURSE_ID) values (02, 201);
insert into subscriptions (STUDENT_ID, COURSE_ID) values (03, 201);
insert into subscriptions (STUDENT_ID, COURSE_ID) values (02, 207);
insert into subscriptions (STUDENT_ID, COURSE_ID) values (03, 207);
insert into subscriptions (STUDENT_ID, COURSE_ID) values (04, 202);
insert into subscriptions (STUDENT_ID, COURSE_ID) values (05, 202);
insert into subscriptions (STUDENT_ID, COURSE_ID) values (21, 209);
insert into subscriptions (STUDENT_ID, COURSE_ID) values (22, 210);
insert into subscriptions (STUDENT_ID, COURSE_ID) values (23, 210);
insert into subscriptions (STUDENT_ID, COURSE_ID) values (24, 211);
insert into subscriptions (STUDENT_ID, COURSE_ID) values (25, 212);
insert into subscriptions (STUDENT_ID, COURSE_ID) values (25, 213);
